{
  "PartialUpdateBooking" : {
    "transaction" : "PartialUpdateBooking",
    "sampleCount" : 500,
    "errorCount" : 0,
    "errorPct" : 0.0,
    "meanResTime" : 359.6680000000002,
    "medianResTime" : 349.0,
    "minResTime" : 310.0,
    "maxResTime" : 1070.0,
    "pct1ResTime" : 402.90000000000003,
    "pct2ResTime" : 416.95,
    "pct3ResTime" : 488.8000000000002,
    "throughput" : 23.82767823103317,
    "receivedKBytesPerSec" : 9.548942051086541,
    "sentKBytesPerSec" : 6.934226672703011
  },
  "Total" : {
    "transaction" : "Total",
    "sampleCount" : 3500,
    "errorCount" : 0,
    "errorPct" : 0.0,
    "meanResTime" : 549.7708571428573,
    "medianResTime" : 351.0,
    "minResTime" : 310.0,
    "maxResTime" : 22798.0,
    "pct1ResTime" : 1368.0,
    "pct2ResTime" : 1431.0,
    "pct3ResTime" : 1782.6599999999926,
    "throughput" : 141.12903225806454,
    "receivedKBytesPerSec" : 51.346002394153224,
    "sentKBytesPerSec" : 40.49501480594758
  },
  "GetBooking" : {
    "transaction" : "GetBooking",
    "sampleCount" : 500,
    "errorCount" : 0,
    "errorPct" : 0.0,
    "meanResTime" : 358.10000000000014,
    "medianResTime" : 344.0,
    "minResTime" : 316.0,
    "maxResTime" : 1273.0,
    "pct1ResTime" : 389.90000000000003,
    "pct2ResTime" : 409.84999999999997,
    "pct3ResTime" : 510.83000000000015,
    "throughput" : 23.868627076570554,
    "receivedKBytesPerSec" : 9.659101927988353,
    "sentKBytesPerSec" : 4.358821546209662
  },
  "Get Updated Booking" : {
    "transaction" : "Get Updated Booking",
    "sampleCount" : 500,
    "errorCount" : 0,
    "errorPct" : 0.0,
    "meanResTime" : 356.76800000000026,
    "medianResTime" : 347.0,
    "minResTime" : 316.0,
    "maxResTime" : 1043.0,
    "pct1ResTime" : 393.0,
    "pct2ResTime" : 412.79999999999995,
    "pct3ResTime" : 469.97,
    "throughput" : 23.844723162764083,
    "receivedKBytesPerSec" : 9.555772807477705,
    "sentKBytesPerSec" : 4.354456280700081
  },
  "DeleteBooking" : {
    "transaction" : "DeleteBooking",
    "sampleCount" : 500,
    "errorCount" : 0,
    "errorPct" : 0.0,
    "meanResTime" : 355.4720000000003,
    "medianResTime" : 348.0,
    "minResTime" : 316.0,
    "maxResTime" : 501.0,
    "pct1ResTime" : 399.0,
    "pct2ResTime" : 412.95,
    "pct3ResTime" : 463.7800000000002,
    "throughput" : 23.816328474802322,
    "receivedKBytesPerSec" : 5.768017052491188,
    "sentKBytesPerSec" : 5.581951986281795
  },
  "CreateBooking" : {
    "transaction" : "CreateBooking",
    "sampleCount" : 500,
    "errorCount" : 0,
    "errorPct" : 0.0,
    "meanResTime" : 1709.1299999999997,
    "medianResTime" : 1398.0,
    "minResTime" : 1273.0,
    "maxResTime" : 22798.0,
    "pct1ResTime" : 1570.9,
    "pct2ResTime" : 2063.65,
    "pct3ResTime" : 16603.08,
    "throughput" : 21.931748398982364,
    "receivedKBytesPerSec" : 9.496404221313274,
    "sentKBytesPerSec" : 9.175138375625055
  },
  "CreateToken" : {
    "transaction" : "CreateToken",
    "sampleCount" : 500,
    "errorCount" : 0,
    "errorPct" : 0.0,
    "meanResTime" : 351.5019999999998,
    "medianResTime" : 342.0,
    "minResTime" : 316.0,
    "maxResTime" : 1077.0,
    "pct1ResTime" : 383.90000000000003,
    "pct2ResTime" : 401.0,
    "pct3ResTime" : 471.96000000000004,
    "throughput" : 23.858376676050963,
    "receivedKBytesPerSec" : 6.314082108603331,
    "sentKBytesPerSec" : 5.987893364985446
  },
  "UpdateBooking" : {
    "transaction" : "UpdateBooking",
    "sampleCount" : 500,
    "errorCount" : 0,
    "errorPct" : 0.0,
    "meanResTime" : 357.7560000000001,
    "medianResTime" : 348.0,
    "minResTime" : 318.0,
    "maxResTime" : 1156.0,
    "pct1ResTime" : 400.90000000000003,
    "pct2ResTime" : 410.0,
    "pct3ResTime" : 433.98,
    "throughput" : 23.849272597185784,
    "receivedKBytesPerSec" : 9.557595993322204,
    "sentKBytesPerSec" : 10.698820951585978
  }
}