{
  "PartialUpdateBooking" : {
    "transaction" : "PartialUpdateBooking",
    "sampleCount" : 100,
    "errorCount" : 0,
    "errorPct" : 0.0,
    "meanResTime" : 368.3399999999997,
    "medianResTime" : 351.0,
    "minResTime" : 323.0,
    "maxResTime" : 560.0,
    "pct1ResTime" : 430.70000000000005,
    "pct2ResTime" : 466.89999999999975,
    "pct3ResTime" : 559.2899999999996,
    "throughput" : 11.55001155001155,
    "receivedKBytesPerSec" : 4.627900135712636,
    "sentKBytesPerSec" : 3.360782657657658
  },
  "Total" : {
    "transaction" : "Total",
    "sampleCount" : 700,
    "errorCount" : 0,
    "errorPct" : 0.0,
    "meanResTime" : 546.5900000000003,
    "medianResTime" : 355.0,
    "minResTime" : 315.0,
    "maxResTime" : 3080.0,
    "pct1ResTime" : 1437.0,
    "pct2ResTime" : 1522.9499999999998,
    "pct3ResTime" : 2618.7300000000014,
    "throughput" : 52.00594353640416,
    "receivedKBytesPerSec" : 18.91716196136701,
    "sentKBytesPerSec" : 14.919422710809807
  },
  "GetBooking" : {
    "transaction" : "GetBooking",
    "sampleCount" : 100,
    "errorCount" : 0,
    "errorPct" : 0.0,
    "meanResTime" : 363.58999999999986,
    "medianResTime" : 351.5,
    "minResTime" : 315.0,
    "maxResTime" : 566.0,
    "pct1ResTime" : 407.70000000000005,
    "pct2ResTime" : 424.5499999999999,
    "pct3ResTime" : 565.2499999999997,
    "throughput" : 11.766090128250383,
    "receivedKBytesPerSec" : 4.7598660504176955,
    "sentKBytesPerSec" : 2.1482306741969643
  },
  "Get Updated Booking" : {
    "transaction" : "Get Updated Booking",
    "sampleCount" : 100,
    "errorCount" : 0,
    "errorPct" : 0.0,
    "meanResTime" : 359.04999999999995,
    "medianResTime" : 348.0,
    "minResTime" : 320.0,
    "maxResTime" : 585.0,
    "pct1ResTime" : 400.9,
    "pct2ResTime" : 430.0,
    "pct3ResTime" : 584.0499999999995,
    "throughput" : 11.560693641618496,
    "receivedKBytesPerSec" : 4.6321802745664735,
    "sentKBytesPerSec" : 2.1107297687861273
  },
  "DeleteBooking" : {
    "transaction" : "DeleteBooking",
    "sampleCount" : 100,
    "errorCount" : 0,
    "errorPct" : 0.0,
    "meanResTime" : 369.36000000000007,
    "medianResTime" : 354.0,
    "minResTime" : 325.0,
    "maxResTime" : 569.0,
    "pct1ResTime" : 420.6,
    "pct2ResTime" : 468.6499999999999,
    "pct3ResTime" : 568.92,
    "throughput" : 11.538017768547364,
    "receivedKBytesPerSec" : 2.7943636783200647,
    "sentKBytesPerSec" : 2.7037722106842046
  },
  "CreateBooking" : {
    "transaction" : "CreateBooking",
    "sampleCount" : 100,
    "errorCount" : 0,
    "errorPct" : 0.0,
    "meanResTime" : 1647.0199999999998,
    "medianResTime" : 1481.0,
    "minResTime" : 1339.0,
    "maxResTime" : 3080.0,
    "pct1ResTime" : 2287.8000000000006,
    "pct2ResTime" : 2798.699999999999,
    "pct3ResTime" : 3079.89,
    "throughput" : 8.855827134254339,
    "receivedKBytesPerSec" : 3.8329991642313144,
    "sentKBytesPerSec" : 3.7036210646918173
  },
  "CreateToken" : {
    "transaction" : "CreateToken",
    "sampleCount" : 100,
    "errorCount" : 0,
    "errorPct" : 0.0,
    "meanResTime" : 360.59,
    "medianResTime" : 352.0,
    "minResTime" : 318.0,
    "maxResTime" : 469.0,
    "pct1ResTime" : 396.9,
    "pct2ResTime" : 421.4499999999999,
    "pct3ResTime" : 468.91999999999996,
    "throughput" : 11.74674027957242,
    "receivedKBytesPerSec" : 3.108756460707154,
    "sentKBytesPerSec" : 2.9481564959473747
  },
  "UpdateBooking" : {
    "transaction" : "UpdateBooking",
    "sampleCount" : 100,
    "errorCount" : 0,
    "errorPct" : 0.0,
    "meanResTime" : 358.17999999999995,
    "medianResTime" : 347.5,
    "minResTime" : 326.0,
    "maxResTime" : 573.0,
    "pct1ResTime" : 397.70000000000005,
    "pct2ResTime" : 422.4499999999999,
    "pct3ResTime" : 572.0999999999996,
    "throughput" : 11.689070718877849,
    "receivedKBytesPerSec" : 4.683618863237872,
    "sentKBytesPerSec" : 5.24250255698422
  }
}