{
  "PartialUpdateBooking" : {
    "transaction" : "PartialUpdateBooking",
    "sampleCount" : 1000,
    "errorCount" : 0,
    "errorPct" : 0.0,
    "meanResTime" : 366.7359999999998,
    "medianResTime" : 353.0,
    "minResTime" : 319.0,
    "maxResTime" : 1054.0,
    "pct1ResTime" : 405.9,
    "pct2ResTime" : 436.94999999999993,
    "pct3ResTime" : 569.99,
    "throughput" : 30.993336432666975,
    "receivedKBytesPerSec" : 12.418612224934138,
    "sentKBytesPerSec" : 9.010011089803193
  },
  "Total" : {
    "transaction" : "Total",
    "sampleCount" : 7000,
    "errorCount" : 0,
    "errorPct" : 0.0,
    "meanResTime" : 387.6194285714271,
    "medianResTime" : 353.0,
    "minResTime" : 317.0,
    "maxResTime" : 6723.0,
    "pct1ResTime" : 411.0,
    "pct2ResTime" : 479.0,
    "pct3ResTime" : 1430.9899999999998,
    "throughput" : 188.30871869367553,
    "receivedKBytesPerSec" : 68.4945117255804,
    "sentKBytesPerSec" : 53.98790999179512
  },
  "GetBooking" : {
    "transaction" : "GetBooking",
    "sampleCount" : 1000,
    "errorCount" : 0,
    "errorPct" : 0.0,
    "meanResTime" : 366.16499999999974,
    "medianResTime" : 351.0,
    "minResTime" : 317.0,
    "maxResTime" : 1431.0,
    "pct1ResTime" : 403.0,
    "pct2ResTime" : 449.94999999999993,
    "pct3ResTime" : 592.94,
    "throughput" : 31.179845347967074,
    "receivedKBytesPerSec" : 12.61596222951484,
    "sentKBytesPerSec" : 5.684384207798079
  },
  "Get Updated Booking" : {
    "transaction" : "Get Updated Booking",
    "sampleCount" : 1000,
    "errorCount" : 0,
    "errorPct" : 0.0,
    "meanResTime" : 367.84300000000025,
    "medianResTime" : 352.0,
    "minResTime" : 319.0,
    "maxResTime" : 1068.0,
    "pct1ResTime" : 406.0,
    "pct2ResTime" : 444.0,
    "pct3ResTime" : 599.99,
    "throughput" : 31.01833183411396,
    "receivedKBytesPerSec" : 12.428627545441858,
    "sentKBytesPerSec" : 5.654938748487857
  },
  "DeleteBooking" : {
    "transaction" : "DeleteBooking",
    "sampleCount" : 1000,
    "errorCount" : 0,
    "errorPct" : 0.0,
    "meanResTime" : 367.5019999999998,
    "medianResTime" : 353.0,
    "minResTime" : 318.0,
    "maxResTime" : 1005.0,
    "pct1ResTime" : 404.0,
    "pct2ResTime" : 445.94999999999993,
    "pct3ResTime" : 586.99,
    "throughput" : 30.94059405940594,
    "receivedKBytesPerSec" : 7.493425123762377,
    "sentKBytesPerSec" : 7.242183874149133
  },
  "CreateBooking" : {
    "transaction" : "CreateBooking",
    "sampleCount" : 1000,
    "errorCount" : 0,
    "errorPct" : 0.0,
    "meanResTime" : 504.5379999999999,
    "medianResTime" : 356.0,
    "minResTime" : 322.0,
    "maxResTime" : 6723.0,
    "pct1ResTime" : 1316.1999999999919,
    "pct2ResTime" : 1479.8999999999999,
    "pct3ResTime" : 2499.820000000001,
    "throughput" : 28.80267288804401,
    "receivedKBytesPerSec" : 12.460953251461735,
    "sentKBytesPerSec" : 12.047899295054581
  },
  "CreateToken" : {
    "transaction" : "CreateToken",
    "sampleCount" : 1000,
    "errorCount" : 0,
    "errorPct" : 0.0,
    "meanResTime" : 368.53999999999985,
    "medianResTime" : 352.0,
    "minResTime" : 319.0,
    "maxResTime" : 1047.0,
    "pct1ResTime" : 404.0,
    "pct2ResTime" : 455.94999999999993,
    "pct3ResTime" : 604.95,
    "throughput" : 31.18373456405139,
    "receivedKBytesPerSec" : 8.252726627790945,
    "sentKBytesPerSec" : 7.8263865067980545
  },
  "UpdateBooking" : {
    "transaction" : "UpdateBooking",
    "sampleCount" : 1000,
    "errorCount" : 0,
    "errorPct" : 0.0,
    "meanResTime" : 372.0119999999997,
    "medianResTime" : 353.0,
    "minResTime" : 317.0,
    "maxResTime" : 1270.0,
    "pct1ResTime" : 407.9,
    "pct2ResTime" : 462.8499999999998,
    "pct3ResTime" : 803.3700000000006,
    "throughput" : 31.166240728043384,
    "receivedKBytesPerSec" : 12.487892645935922,
    "sentKBytesPerSec" : 13.969658690706227
  }
}