{
  "PartialUpdateBooking" : {
    "transaction" : "PartialUpdateBooking",
    "sampleCount" : 6000,
    "errorCount" : 0,
    "errorPct" : 0.0,
    "meanResTime" : 658.6293333333313,
    "medianResTime" : 571.0,
    "minResTime" : 266.0,
    "maxResTime" : 14747.0,
    "pct1ResTime" : 997.0,
    "pct2ResTime" : 1112.9499999999998,
    "pct3ResTime" : 1963.0,
    "throughput" : 79.82332437538248,
    "receivedKBytesPerSec" : 31.98689764571083,
    "sentKBytesPerSec" : 23.22983463267967
  },
  "Total" : {
    "transaction" : "Total",
    "sampleCount" : 42000,
    "errorCount" : 0,
    "errorPct" : 0.0,
    "meanResTime" : 670.0141428571407,
    "medianResTime" : 519.0,
    "minResTime" : 264.0,
    "maxResTime" : 43819.0,
    "pct1ResTime" : 868.0,
    "pct2ResTime" : 941.0,
    "pct3ResTime" : 1175.9700000000048,
    "throughput" : 534.0250228867867,
    "receivedKBytesPerSec" : 194.27657241363417,
    "sentKBytesPerSec" : 153.2251247250407
  },
  "GetBooking" : {
    "transaction" : "GetBooking",
    "sampleCount" : 6000,
    "errorCount" : 0,
    "errorPct" : 0.0,
    "meanResTime" : 572.9361666666676,
    "medianResTime" : 465.0,
    "minResTime" : 265.0,
    "maxResTime" : 40837.0,
    "pct1ResTime" : 665.9000000000005,
    "pct2ResTime" : 1093.9499999999998,
    "pct3ResTime" : 2230.439999999988,
    "throughput" : 79.69926809505466,
    "receivedKBytesPerSec" : 32.24861470634141,
    "sentKBytesPerSec" : 14.554456185327364
  },
  "Get Updated Booking" : {
    "transaction" : "Get Updated Booking",
    "sampleCount" : 6000,
    "errorCount" : 0,
    "errorPct" : 0.0,
    "meanResTime" : 577.8411666666691,
    "medianResTime" : 471.5,
    "minResTime" : 265.0,
    "maxResTime" : 20791.0,
    "pct1ResTime" : 665.0,
    "pct2ResTime" : 1098.0,
    "pct3ResTime" : 2654.5099999999893,
    "throughput" : 79.6876245119133,
    "receivedKBytesPerSec" : 31.93251983474779,
    "sentKBytesPerSec" : 14.552329866921667
  },
  "DeleteBooking" : {
    "transaction" : "DeleteBooking",
    "sampleCount" : 6000,
    "errorCount" : 0,
    "errorPct" : 0.0,
    "meanResTime" : 653.5366666666687,
    "medianResTime" : 570.0,
    "minResTime" : 265.0,
    "maxResTime" : 18781.0,
    "pct1ResTime" : 993.0,
    "pct2ResTime" : 1072.9499999999998,
    "pct3ResTime" : 1742.0,
    "throughput" : 79.82651038409857,
    "receivedKBytesPerSec" : 19.332982983648872,
    "sentKBytesPerSec" : 18.709338371273102
  },
  "CreateBooking" : {
    "transaction" : "CreateBooking",
    "sampleCount" : 6000,
    "errorCount" : 0,
    "errorPct" : 0.0,
    "meanResTime" : 1109.515666666664,
    "medianResTime" : 495.0,
    "minResTime" : 264.0,
    "maxResTime" : 43819.0,
    "pct1ResTime" : 1401.9000000000005,
    "pct2ResTime" : 3812.2499999999973,
    "pct3ResTime" : 15026.27999999994,
    "throughput" : 77.9362481490141,
    "receivedKBytesPerSec" : 33.74242506348557,
    "sentKBytesPerSec" : 32.600780803490245
  },
  "CreateToken" : {
    "transaction" : "CreateToken",
    "sampleCount" : 6000,
    "errorCount" : 0,
    "errorPct" : 0.0,
    "meanResTime" : 455.917666666666,
    "medianResTime" : 395.0,
    "minResTime" : 264.0,
    "maxResTime" : 11386.0,
    "pct1ResTime" : 422.0,
    "pct2ResTime" : 1036.0,
    "pct3ResTime" : 2327.9299999999985,
    "throughput" : 79.70032677133976,
    "receivedKBytesPerSec" : 21.092566948274488,
    "sentKBytesPerSec" : 20.002914043197578
  },
  "UpdateBooking" : {
    "transaction" : "UpdateBooking",
    "sampleCount" : 6000,
    "errorCount" : 0,
    "errorPct" : 0.0,
    "meanResTime" : 661.7223333333317,
    "medianResTime" : 568.0,
    "minResTime" : 266.0,
    "maxResTime" : 10786.0,
    "pct1ResTime" : 1001.0,
    "pct2ResTime" : 1107.9499999999998,
    "pct3ResTime" : 2015.6699999999928,
    "throughput" : 79.69503367115173,
    "receivedKBytesPerSec" : 31.935488841865126,
    "sentKBytesPerSec" : 35.749020726519845
  }
}