{
  "PartialUpdateBooking" : {
    "transaction" : "PartialUpdateBooking",
    "sampleCount" : 5000,
    "errorCount" : 0,
    "errorPct" : 0.0,
    "meanResTime" : 1153.926999999998,
    "medianResTime" : 1220.0,
    "minResTime" : 326.0,
    "maxResTime" : 3568.0,
    "pct1ResTime" : 1488.9000000000005,
    "pct2ResTime" : 1564.9499999999998,
    "pct3ResTime" : 2007.9899999999998,
    "throughput" : 71.07017469048938,
    "receivedKBytesPerSec" : 28.479401420337442,
    "sentKBytesPerSec" : 20.687681117898315
  },
  "Total" : {
    "transaction" : "Total",
    "sampleCount" : 35000,
    "errorCount" : 0,
    "errorPct" : 0.0,
    "meanResTime" : 930.0218571428532,
    "medianResTime" : 829.0,
    "minResTime" : 314.0,
    "maxResTime" : 5295.0,
    "pct1ResTime" : 1310.0,
    "pct2ResTime" : 1400.9500000000007,
    "pct3ResTime" : 2140.9900000000016,
    "throughput" : 466.2749956703036,
    "receivedKBytesPerSec" : 169.63210538564272,
    "sentKBytesPerSec" : 133.80901969429013
  },
  "GetBooking" : {
    "transaction" : "GetBooking",
    "sampleCount" : 5000,
    "errorCount" : 0,
    "errorPct" : 0.0,
    "meanResTime" : 782.1304000000013,
    "medianResTime" : 786.0,
    "minResTime" : 327.0,
    "maxResTime" : 3044.0,
    "pct1ResTime" : 946.0,
    "pct2ResTime" : 992.9499999999998,
    "pct3ResTime" : 1520.8999999999978,
    "throughput" : 70.97232079489,
    "receivedKBytesPerSec" : 28.716232700496803,
    "sentKBytesPerSec" : 12.965908334811923
  },
  "Get Updated Booking" : {
    "transaction" : "Get Updated Booking",
    "sampleCount" : 5000,
    "errorCount" : 0,
    "errorPct" : 0.0,
    "meanResTime" : 816.9878000000035,
    "medianResTime" : 819.0,
    "minResTime" : 326.0,
    "maxResTime" : 2888.0,
    "pct1ResTime" : 977.0,
    "pct2ResTime" : 1012.0,
    "pct3ResTime" : 1773.859999999997,
    "throughput" : 70.97030602395958,
    "receivedKBytesPerSec" : 28.439381822020668,
    "sentKBytesPerSec" : 12.965540257018963
  },
  "DeleteBooking" : {
    "transaction" : "DeleteBooking",
    "sampleCount" : 5000,
    "errorCount" : 0,
    "errorPct" : 0.0,
    "meanResTime" : 1138.9131999999968,
    "medianResTime" : 1210.0,
    "minResTime" : 322.0,
    "maxResTime" : 5160.0,
    "pct1ResTime" : 1436.0,
    "pct2ResTime" : 1520.0,
    "pct3ResTime" : 1993.949999999999,
    "throughput" : 70.99953140309275,
    "receivedKBytesPerSec" : 17.195199011686523,
    "sentKBytesPerSec" : 16.64565986520739
  },
  "CreateBooking" : {
    "transaction" : "CreateBooking",
    "sampleCount" : 5000,
    "errorCount" : 0,
    "errorPct" : 0.0,
    "meanResTime" : 974.1801999999989,
    "medianResTime" : 803.0,
    "minResTime" : 368.0,
    "maxResTime" : 5295.0,
    "pct1ResTime" : 1589.9000000000005,
    "pct2ResTime" : 2526.699999999999,
    "pct3ResTime" : 3241.499999999989,
    "throughput" : 68.55889208830385,
    "receivedKBytesPerSec" : 29.68630825363362,
    "sentKBytesPerSec" : 28.677059766214175
  },
  "CreateToken" : {
    "transaction" : "CreateToken",
    "sampleCount" : 5000,
    "errorCount" : 0,
    "errorPct" : 0.0,
    "meanResTime" : 504.73199999999986,
    "medianResTime" : 403.0,
    "minResTime" : 314.0,
    "maxResTime" : 3266.0,
    "pct1ResTime" : 742.0,
    "pct2ResTime" : 799.0,
    "pct3ResTime" : 1802.9799999999996,
    "throughput" : 70.96728408203819,
    "receivedKBytesPerSec" : 18.781380845930027,
    "sentKBytesPerSec" : 17.81112500887091
  },
  "UpdateBooking" : {
    "transaction" : "UpdateBooking",
    "sampleCount" : 5000,
    "errorCount" : 0,
    "errorPct" : 0.0,
    "meanResTime" : 1139.282399999998,
    "medianResTime" : 1189.0,
    "minResTime" : 327.0,
    "maxResTime" : 3985.0,
    "pct1ResTime" : 1519.0,
    "pct2ResTime" : 1574.9499999999998,
    "pct3ResTime" : 2321.9799999999996,
    "throughput" : 70.97030602395958,
    "receivedKBytesPerSec" : 28.439381822020668,
    "sentKBytesPerSec" : 31.840564431279454
  }
}