{
  "PartialUpdateBooking" : {
    "transaction" : "PartialUpdateBooking",
    "sampleCount" : 6000,
    "errorCount" : 541,
    "errorPct" : 9.016666,
    "meanResTime" : 1225.6920000000018,
    "medianResTime" : 1180.0,
    "minResTime" : 0.0,
    "maxResTime" : 12530.0,
    "pct1ResTime" : 2100.800000000001,
    "pct2ResTime" : 2506.0,
    "pct3ResTime" : 5221.229999999961,
    "throughput" : 63.22911068255825,
    "receivedKBytesPerSec" : 25.35507920763386,
    "sentKBytesPerSec" : 18.369651788725196
  },
  "Total" : {
    "transaction" : "Total",
    "sampleCount" : 42000,
    "errorCount" : 2041,
    "errorPct" : 4.859524,
    "meanResTime" : 1061.4127380952348,
    "medianResTime" : 406.0,
    "minResTime" : 0.0,
    "maxResTime" : 29495.0,
    "pct1ResTime" : 1815.0,
    "pct2ResTime" : 2660.9000000000015,
    "pct3ResTime" : 6325.980000000003,
    "throughput" : 425.7130693912303,
    "receivedKBytesPerSec" : 172.0039868630775,
    "sentKBytesPerSec" : 121.17252196350017
  },
  "GetBooking" : {
    "transaction" : "GetBooking",
    "sampleCount" : 6000,
    "errorCount" : 88,
    "errorPct" : 1.4666667,
    "meanResTime" : 936.0791666666681,
    "medianResTime" : 924.0,
    "minResTime" : 0.0,
    "maxResTime" : 28695.0,
    "pct1ResTime" : 1272.0,
    "pct2ResTime" : 1590.9499999999998,
    "pct3ResTime" : 5363.899999999998,
    "throughput" : 63.038453456608536,
    "receivedKBytesPerSec" : 29.0469579021328,
    "sentKBytesPerSec" : 11.49995198242803
  },
  "Get Updated Booking" : {
    "transaction" : "Get Updated Booking",
    "sampleCount" : 6000,
    "errorCount" : 260,
    "errorPct" : 4.3333335,
    "meanResTime" : 878.896,
    "medianResTime" : 872.0,
    "minResTime" : 0.0,
    "maxResTime" : 29495.0,
    "pct1ResTime" : 1239.0,
    "pct2ResTime" : 1444.0,
    "pct3ResTime" : 4704.679999999971,
    "throughput" : 63.15789473684211,
    "receivedKBytesPerSec" : 34.10130550986842,
    "sentKBytesPerSec" : 11.39514802631579
  },
  "DeleteBooking" : {
    "transaction" : "DeleteBooking",
    "sampleCount" : 6000,
    "errorCount" : 653,
    "errorPct" : 10.883333,
    "meanResTime" : 1145.7288333333317,
    "medianResTime" : 1056.5,
    "minResTime" : 0.0,
    "maxResTime" : 25350.0,
    "pct1ResTime" : 2042.0,
    "pct2ResTime" : 2261.0,
    "pct3ResTime" : 3914.959999999999,
    "throughput" : 63.32119677061897,
    "receivedKBytesPerSec" : 18.21752067832832,
    "sentKBytesPerSec" : 14.543118601920744
  },
  "CreateBooking" : {
    "transaction" : "CreateBooking",
    "sampleCount" : 6000,
    "errorCount" : 109,
    "errorPct" : 1.8166667,
    "meanResTime" : 1495.0621666666682,
    "medianResTime" : 966.0,
    "minResTime" : 0.0,
    "maxResTime" : 24521.0,
    "pct1ResTime" : 3143.9000000000005,
    "pct2ResTime" : 6437.749999999999,
    "pct3ResTime" : 13612.809999999996,
    "throughput" : 61.82443920081608,
    "receivedKBytesPerSec" : 28.355239685622724,
    "sentKBytesPerSec" : 25.472705395599128
  },
  "CreateToken" : {
    "transaction" : "CreateToken",
    "sampleCount" : 6000,
    "errorCount" : 56,
    "errorPct" : 0.93333334,
    "meanResTime" : 538.9613333333352,
    "medianResTime" : 385.0,
    "minResTime" : 0.0,
    "maxResTime" : 12160.0,
    "pct1ResTime" : 1017.9000000000005,
    "pct2ResTime" : 1377.9499999999998,
    "pct3ResTime" : 5048.98,
    "throughput" : 63.04308995198218,
    "receivedKBytesPerSec" : 17.712337828218086,
    "sentKBytesPerSec" : 15.679936963477036
  },
  "UpdateBooking" : {
    "transaction" : "UpdateBooking",
    "sampleCount" : 6000,
    "errorCount" : 334,
    "errorPct" : 5.5666666,
    "meanResTime" : 1209.4696666666666,
    "medianResTime" : 1165.0,
    "minResTime" : 0.0,
    "maxResTime" : 18738.0,
    "pct1ResTime" : 2090.0,
    "pct2ResTime" : 2355.95,
    "pct3ResTime" : 4231.99,
    "throughput" : 63.059654433093705,
    "receivedKBytesPerSec" : 25.176053851631146,
    "sentKBytesPerSec" : 28.29215940232585
  }
}